,precision,recall,f1-score,support
0,0.9799072642967542,0.9926931106471816,0.986258750324086,11496.0
1,0.9437374413931681,0.8575776019476568,0.8985969387755102,1643.0
accuracy,0.9757972448435954,0.9757972448435954,0.9757972448435954,0.9757972448435954
macro avg,0.9618223528449612,0.9251353562974192,0.9424278445497981,13139.0
weighted avg,0.9753843158965265,0.9757972448435954,0.9752968539564546,13139.0
