,precision,recall,f1-score,support
0,0.9737314965346111,0.9899095337508699,0.9817538713712635,11496.0
1,0.9201101928374655,0.8131466828971394,0.8633279483037156,1643.0
accuracy,0.9678057690844052,0.9678057690844052,0.9678057690844052,0.9678057690844052
macro avg,0.9469208446860383,0.9015281083240047,0.9225409098374895,13139.0
weighted avg,0.9670262828977735,0.9678057690844052,0.9669449976670256,13139.0
